time_utc,name,source
# Komunikat FOMC o 14:00 czasu Nowego Jorku, drugi dzień posiedzenia.
# Zweryfikowane 30.09.2026 z https://www.federalreserve.gov/monetarypolicy/fomccalendars.htm
2026-01-28T19:00:00Z,FOMC statement,Fed
2026-03-18T18:00:00Z,FOMC statement,Fed
2026-04-29T18:00:00Z,FOMC statement,Fed
2026-06-17T18:00:00Z,FOMC statement,Fed
2026-07-29T18:00:00Z,FOMC statement,Fed
2026-09-16T18:00:00Z,FOMC statement,Fed
2026-10-28T18:00:00Z,FOMC statement,Fed
2026-12-09T19:00:00Z,FOMC statement,Fed
