aktywo,reguła,okres,CAGR,łącznie,max spadek,zmienność,Sharpe,najgorszy rok,w rynku,zmian pozycji
BTC,kup i trzymaj,cały okres,0.34223271503741115,11.200043039265381,-0.7662925431645932,0.6196151792706689,0.7893601560048683,-0.64207055726116,1.0,0.0
BTC,kup i trzymaj,2018-04–2021-12,0.6576484749437603,5.674975555719226,-0.6743998377939981,0.7376710252671601,1.062721615724485,-0.4652010208104953,1.0,0.0
BTC,kup i trzymaj,2022-01–2026-09,0.13560396513487727,0.8277284968949725,-0.669312370541033,0.5068677407704897,0.5042312344633869,-0.64207055726116,1.0,0.0
BTC,filtr 200 dni,cały okres,0.33652844570189333,10.76636134689643,-0.6437996294227356,0.4261521938743681,0.8931954634707404,-0.21706097887956632,0.5238555770470664,61.0
BTC,filtr 200 dni,2018-04–2021-12,0.38033764580651286,2.355891573149575,-0.6437996294227356,0.5189917267584097,0.8805997539878297,-0.21706097887956632,0.5339168490153173,28.0
BTC,filtr 200 dni,2022-01–2026-09,0.3028192713040807,2.5061804263996077,-0.31979207870914106,0.3349636949082402,0.9557356895071328,-0.17729028260845936,0.5158867706528019,33.0
BTC,krzyż 50/200,cały okres,0.2716262056206389,6.707482201659002,-0.6681517328023094,0.46911033404032204,0.7522923954515381,-0.2893229206431873,0.5145067698259188,17.0
BTC,krzyż 50/200,2018-04–2021-12,0.4613017425978114,3.15709695089987,-0.6681517328023094,0.5936542884892737,0.9466646192227645,-0.0014999999999999458,0.5266229029905178,7.0
BTC,krzyż 50/200,2022-01–2026-09,0.13903348634198776,0.8540539931335009,-0.3968281237873812,0.3394171781549215,0.5518527609645054,-0.2893229206431873,0.5049104563835933,10.0
BTC,wybicie 55/20,cały okres,0.3115587178914945,9.023846891398884,-0.38602248259601724,0.3527216567411848,0.9440300418410154,-0.27016274277488994,0.3475177304964539,59.0
BTC,wybicie 55/20,2018-04–2021-12,0.5916792906317447,4.730634189637698,-0.31403848490703523,0.43606354537975306,1.2826136065626959,-0.23073115696031676,0.3887673231218089,22.0
BTC,wybicie 55/20,2022-01–2026-09,0.12513254809714747,0.7491688632864248,-0.37375392880447833,0.26874913965854746,0.5720099321093638,-0.27016274277488994,0.3148469093009821,37.0
ETH,kup i trzymaj,cały okres,0.2535692096569664,5.825370633631186,-0.8977913361805979,0.8291735909996386,0.692833563272035,-0.6746313478754051,1.0,0.0
ETH,kup i trzymaj,2018-04–2021-12,0.8123444115028258,8.332427904142985,-0.8977913361805979,0.9782422133050599,1.1095621342093112,-0.6663028025995126,1.0,0.0
ETH,kup i trzymaj,2022-01–2026-09,-0.06383870149584703,-0.2686393397583968,-0.7400575194539575,0.6881480048848793,0.2467487728258085,-0.6746313478754051,1.0,0.0
ETH,filtr 200 dni,cały okres,0.3975788440022683,16.198855831121822,-0.738277646101458,0.5918981458841456,0.8702940828137878,-0.16192957994109702,0.5070921985815603,53.0
ETH,filtr 200 dni,2018-04–2021-12,0.7405334113208315,7.017565655136233,-0.738277646101458,0.7708049139359774,1.1212594693548092,-0.11313683405552899,0.5981035740335522,25.0
ETH,filtr 200 dni,2022-01–2026-09,0.17460348799854009,1.145146865134035,-0.38473638652583797,0.39624121528324646,0.6021369158085403,-0.16192957994109702,0.43500866551126516,28.0
ETH,krzyż 50/200,cały okres,0.2811573162467309,7.2124647442885745,-0.7873844670633678,0.6017189697826503,0.7203954250376903,-0.30875584090222896,0.5003223726627982,18.0
ETH,krzyż 50/200,2018-04–2021-12,0.863778565585547,9.36681831494104,-0.7873844670633678,0.7795664718959034,1.2031343145815887,0.0019812524912645735,0.5791393143690736,8.0
ETH,krzyż 50/200,2022-01–2026-09,-0.04793456060545764,-0.2078124170023825,-0.6151133313497621,0.40834589071485317,0.08311366019872769,-0.30875584090222896,0.43789716926632005,10.0
ETH,wybicie 55/20,cały okres,0.36967478475501214,13.48976253391119,-0.5064344661619945,0.4581318483644819,0.915954117269736,-0.18922973287792866,0.3339780786589297,55.0
ETH,wybicie 55/20,2018-04–2021-12,0.7956254097994033,8.013140011908513,-0.41648717008709835,0.581243589893115,1.2993943422051706,-0.17961872898448528,0.3479212253829322,22.0
ETH,wybicie 55/20,2022-01–2026-09,0.10529030451228949,0.6076264780938425,-0.3483212034541521,0.3289921772413139,0.4674701948459868,-0.18922973287792866,0.3229347198151358,33.0
Złoto,kup i trzymaj,cały okres,0.14980731227780453,2.266707012250771,-0.24937948049055447,0.17727824820106042,0.8766219842071685,-0.03509049699577904,1.0,0.0
Złoto,kup i trzymaj,2018-04–2021-12,0.08998537664673267,0.38237065927379166,-0.1891369096424821,0.15532004644926908,0.632504370533261,-0.03509049699577904,1.0,0.0
Złoto,kup i trzymaj,2022-01–2026-09,0.19975090065188472,1.3631194646209455,-0.24937948049055325,0.19299256352238564,1.0409631151217773,-0.004584068990828638,1.0,0.0
Złoto,filtr 200 dni,cały okres,0.10599177279514493,1.3497573998615624,-0.3090061026353551,0.1583006300427595,0.7161195606266362,-0.15293484992856488,0.7276555919513337,62.0
Złoto,filtr 200 dni,2018-04–2021-12,0.03260758658848584,0.1281530342697872,-0.24942435731766244,0.13244031754410027,0.3086539902485436,-0.15293484992856488,0.6187961985216474,33.0
Złoto,filtr 200 dni,2022-01–2026-09,0.1680996249830049,1.0828356867226643,-0.1954123900849022,0.1761601099162712,0.970962038146623,-0.07659684204784223,0.8142857142857143,29.0
Złoto,krzyż 50/200,cały okres,0.1011962468241705,1.2647459529226346,-0.2926225605498024,0.16050751509953984,0.6813302301565947,-0.07911970851420036,0.7253158633598502,14.0
Złoto,krzyż 50/200,2018-04–2021-12,0.07643732963962324,0.318899465379632,-0.18624469428418267,0.13590447888260546,0.6099586973323909,-0.07911970851420036,0.6367476240760296,7.0
Złoto,krzyż 50/200,2022-01–2026-09,0.12130563514415416,0.7171482833763612,-0.24623944749594673,0.1777148547725403,0.7338578309950132,-0.07602780506538598,0.795798319327731,7.0
Złoto,wybicie 55/20,cały okres,0.07648749630364349,0.8682771998928551,-0.19779978366695994,0.12955690396103475,0.6341863307207365,-0.12888957434288595,0.43799719232569023,42.0
Złoto,wybicie 55/20,2018-04–2021-12,0.024861682360720616,0.09667856432913502,-0.1908790465301956,0.10132814432835148,0.29318334019638076,-0.12888957434288595,0.36219640971488914,20.0
Złoto,wybicie 55/20,2022-01–2026-09,0.11942318399287966,0.7035777489056001,-0.1398266149372901,0.14821965297984768,0.8359701888606121,0.04080234161062002,0.49831932773109244,22.0
EUR/USD,kup i trzymaj,cały okres,-0.008907797656818595,-0.0754373677858261,-0.22518426957943227,0.07060362727245398,-0.09144647037935165,-0.07925827161939214,1.0,0.0
EUR/USD,kup i trzymaj,2018-04–2021-12,-0.021091574953635783,-0.07947908099472512,-0.1395046180731555,0.06289378259703182,-0.3074736501783229,-0.07925827161939214,1.0,0.0
EUR/USD,kup i trzymaj,2022-01–2026-09,0.0008979879291068915,0.0043906804565270185,-0.16242515678771696,0.07620385031081782,0.04982117627587714,-0.05981460626718871,1.0,0.0
EUR/USD,filtr 200 dni,cały okres,0.009243039239816175,0.08399267861111559,-0.19953318582871615,0.07059882338085499,0.16559066403166672,-0.09328632886224397,1.0,58.0
EUR/USD,filtr 200 dni,2018-04–2021-12,0.020527202805835643,0.08213841576671932,-0.08277703041238516,0.062881359833145,0.3545237530704793,-0.008222593945267032,1.0,18.0
EUR/USD,filtr 200 dni,2022-01–2026-09,0.00035082316287526893,0.0017135172519329167,-0.19953318582871693,0.07620600624280842,0.04266936160432102,-0.09328632886224397,1.0,40.0
EUR/USD,krzyż 50/200,cały okres,-0.009963529335906385,-0.0840349291836997,-0.31034978057893137,0.07059867965683238,-0.10654260728384138,-0.08059840348639757,1.0,14.0
EUR/USD,krzyż 50/200,2018-04–2021-12,0.01269974097861648,0.050248524928192984,-0.07998021644547104,0.0629050412417025,0.2320093791226802,-0.03176198970839794,1.0,6.0
EUR/USD,krzyż 50/200,2022-01–2026-09,-0.02763896738150806,-0.12785874097854544,-0.3103497805789319,0.07617617633698084,-0.3298265469906669,-0.08059840348639757,1.0,8.0
EUR/USD,wybicie 55/20,cały okres,-0.011361443501339274,-0.0953101064368338,-0.21982880553345518,0.07058954486530684,-0.1265956595785414,-0.07429652471171455,1.0,42.0
EUR/USD,wybicie 55/20,2018-04–2021-12,-0.015788661434146034,-0.059954569515128675,-0.21982880553345518,0.06288662989569767,-0.22163031408075756,-0.0687860449878861,1.0,18.0
EUR/USD,wybicie 55/20,2022-01–2026-09,-0.007823436827786079,-0.03761045559624698,-0.20272063818620278,0.07619035737943289,-0.06504310553234623,-0.07429652471171455,1.0,24.0
GBP/USD,kup i trzymaj,cały okres,-0.006835355549259514,-0.058351839350071266,-0.2520221527904195,0.08569274009560116,-0.03718378872374101,-0.10683110935582474,1.0,0.0
GBP/USD,kup i trzymaj,2018-04–2021-12,-0.009882673472363379,-0.03784948118716802,-0.19855398433545512,0.08672381485310587,-0.0711736986062263,-0.09521455012641666,1.0,0.0
GBP/USD,kup i trzymaj,2022-01–2026-09,-0.004403186808687121,-0.02130888853877333,-0.21774769162083252,0.0848981905173735,-0.009536836012966935,-0.10683110935582474,1.0,0.0
GBP/USD,filtr 200 dni,cały okres,-0.025069240956626992,-0.19952920637825666,-0.32616334659068624,0.08568949082960825,-0.2534569621306603,-0.09733832834052425,1.0,88.0
GBP/USD,filtr 200 dni,2018-04–2021-12,-0.015998022038628767,-0.060731181935909206,-0.13033546536166085,0.08668725405853063,-0.14277097584090676,-0.03166940281395281,1.0,28.0
GBP/USD,filtr 200 dni,2022-01–2026-09,-0.03222953497447312,-0.14777241804792485,-0.3261633465906859,0.08491938918231363,-0.34331807302149353,-0.09733832834052425,1.0,60.0
GBP/USD,krzyż 50/200,cały okres,-0.03911858071862684,-0.29516797678971185,-0.30635304367001437,0.08566952517868523,-0.4229164782801497,-0.11675395248690945,1.0,19.0
GBP/USD,krzyż 50/200,2018-04–2021-12,-0.05153675444065742,-0.185808640050647,-0.2627072555930249,0.08669029529972758,-0.56694585564744,-0.11675395248690945,1.0,8.0
GBP/USD,krzyż 50/200,2022-01–2026-09,-0.02911841798208048,-0.13431650361146807,-0.30635304367001204,0.08487805720298747,-0.3057261876930448,-0.09010137051562073,1.0,11.0
GBP/USD,wybicie 55/20,cały okres,-0.019128282666321827,-0.1557448529193184,-0.2957078389704486,0.08567295616236588,-0.18263858941284727,-0.09590922089143417,1.0,44.0
GBP/USD,wybicie 55/20,2018-04–2021-12,-0.015190234874280173,-0.05773210739054102,-0.1757996594865081,0.0866910255726794,-0.133308896302794,-0.0623337985391198,1.0,16.0
GBP/USD,wybicie 55/20,2022-01–2026-09,-0.02225145445065635,-0.10401791921121517,-0.29570783897044495,0.08488870544497046,-0.22267935463570576,-0.09590922089143417,1.0,28.0
JPY/USD,kup i trzymaj,cały okres,-0.044580662711832364,-0.32952381656977925,-0.3733949958613427,0.08668242132759875,-0.4828132077531683,-0.13431789082565715,1.0,0.0
JPY/USD,kup i trzymaj,2018-04–2021-12,-0.019759360544396976,-0.07460266983380293,-0.11030427738080217,0.06518189030102642,-0.27361087116728183,-0.10378662971906272,1.0,0.0
JPY/USD,kup i trzymaj,2022-01–2026-09,-0.06388680977012251,-0.2754721009300879,-0.305613162353894,0.10057334073974646,-0.606197854027501,-0.13431789082565715,1.0,0.0
JPY/USD,filtr 200 dni,cały okres,-0.02107270417727225,-0.1703030061881463,-0.23603069629641393,0.08670466074171744,-0.2022337928239226,-0.07875658209050163,1.0,75.0
JPY/USD,filtr 200 dni,2018-04–2021-12,-0.04415532117641341,-0.16091429735927132,-0.2324893400839243,0.06513400537500684,-0.6607436994507535,-0.07875658209050163,1.0,50.0
JPY/USD,filtr 200 dni,2022-01–2026-09,-0.00230269059190924,-0.011189213210676341,-0.23603069629641615,0.10063037668492385,0.02746225288722675,-0.05603822445714646,1.0,25.0
JPY/USD,krzyż 50/200,cały okres,-0.01511159943182816,-0.12495279895137124,-0.31987046985374645,0.08672065889544664,-0.13214880698180564,-0.13218449873104732,1.0,12.0
JPY/USD,krzyż 50/200,2018-04–2021-12,-0.014390178829478018,-0.05475473266088049,-0.13190172971422087,0.06519449002533755,-0.18974947581058343,-0.06048888874616665,1.0,6.0
JPY/USD,krzyż 50/200,2022-01–2026-09,-0.01568542588358035,-0.07426439329138179,-0.319870469853746,0.10064229624678049,-0.10666750102734965,-0.13218449873104732,1.0,6.0
JPY/USD,wybicie 55/20,cały okres,0.043483620787778454,0.4522545372342972,-0.1733658607267783,0.08668698535455256,0.5343827168734504,-0.11693760061365921,1.0,28.0
JPY/USD,wybicie 55/20,2018-04–2021-12,0.017672706032901386,0.07042678845396133,-0.11471292100897601,0.06517044686302134,0.3013944984737639,-0.05873131390283215,1.0,13.0
JPY/USD,wybicie 55/20,2022-01–2026-09,0.06449451162927167,0.3567060848054975,-0.17336586072678006,0.10058249554381075,0.671699116264549,-0.11693760061365921,1.0,15.0
portfel: 50/50 BTC + złoto,kup i trzymaj,cały okres,0.3053231808174617,8.625979047590475,-0.5011265140125151,0.3295108649015869,0.9743205654946913,-0.37191855942287866,,
portfel: 50/50 BTC + złoto,kup i trzymaj,2018-04–2021-12,0.44123138459099476,2.946661791240706,-0.41936760963696906,0.3850533639494263,1.1435603323357375,-0.24174657715402847,,
portfel: 50/50 BTC + złoto,kup i trzymaj,2022-01–2026-09,0.20683655049551275,1.4390179743687543,-0.4270814650238254,0.2777679700331009,0.8156956771153544,-0.37191855942287866,,
portfel: 50/50 BTC + złoto,filtr 200 dni,cały okres,0.2535638021880178,5.825120418330965,-0.4212876951902116,0.23923599207105956,1.0641716402034398,-0.10957501044629747,,
portfel: 50/50 BTC + złoto,filtr 200 dni,2018-04–2021-12,0.250299534593061,1.3141994851344094,-0.39764030484408974,0.28607584361273625,0.9237151624290397,-0.10957501044629747,,
portfel: 50/50 BTC + złoto,filtr 200 dni,2022-01–2026-09,0.2561552395571598,1.9492359937737018,-0.13657163497844538,0.19437406415083053,1.2704043496655468,-0.03810570689567172,,
portfel: 50/50 BTC + złoto,krzyż 50/200,cały okres,0.21761648467882022,4.329939447529651,-0.3797458700977113,0.25546048005917826,0.899565265053767,-0.07192334791819821,,
portfel: 50/50 BTC + złoto,krzyż 50/200,2018-04–2021-12,0.3108174999220328,1.7638084525817166,-0.3797458700977113,0.3145152230961416,1.0199422282666943,-0.01589614189682964,,
portfel: 50/50 BTC + złoto,krzyż 50/200,2022-01–2026-09,0.14852516502301039,0.9284764262700127,-0.16377912169764552,0.19649464877493394,0.8027777750661488,-0.07192334791819821,,
portfel: 50/50 BTC + złoto,wybicie 55/20,cały okres,0.21101171211394654,4.089170684921029,-0.23568723496933364,0.19788282391636883,1.0663617835613655,-0.12418280979606755,,
portfel: 50/50 BTC + złoto,wybicie 55/20,2018-04–2021-12,0.30964227362419705,1.7545124728903603,-0.16791743512935042,0.23929422723586707,1.2468262963435053,-0.11381722104140435,,
portfel: 50/50 BTC + złoto,wybicie 55/20,2022-01–2026-09,0.1381931348740888,0.8475758360175027,-0.18293099587641115,0.15752389890788548,0.9004099443252179,-0.12418280979606755,,
portfel: BTC + ETH + złoto,kup i trzymaj,cały okres,0.3443500930115506,11.36457516264402,-0.6614860065764582,0.4692297458429981,0.8678875733260139,-0.4688133409891695,,
portfel: BTC + ETH + złoto,kup i trzymaj,2018-04–2021-12,0.6485284881090096,5.538076200415837,-0.6614860065764582,0.553774244458503,1.184978413249928,-0.38896403075394403,,
portfel: BTC + ETH + złoto,kup i trzymaj,2022-01–2026-09,0.14380328041239832,0.8911641259026006,-0.5077033836852638,0.38932129282396505,0.5395185217683144,-0.4688133409891695,,
portfel: BTC + ETH + złoto,filtr 200 dni,cały okres,0.33466678333618183,10.627798542816983,-0.4538456322362061,0.3247342359383149,1.052603533431008,-0.07956203285383878,,
portfel: BTC + ETH + złoto,filtr 200 dni,2018-04–2021-12,0.46421472569380007,3.188309238913691,-0.4538456322362061,0.4097396090388081,1.1380684832432169,-0.03886136876767032,,
portfel: BTC + ETH + złoto,filtr 200 dni,2022-01–2026-09,0.24024663447160144,1.7762511981643572,-0.1901584575032398,0.23666610258524856,1.0276615323882619,-0.07956203285383878,,
portfel: BTC + ETH + złoto,krzyż 50/200,cały okres,0.26964899196916603,6.606225229806506,-0.5460879169702637,0.3405977911516459,0.8746854572843853,-0.14911052040191464,,
portfel: BTC + ETH + złoto,krzyż 50/200,2018-04–2021-12,0.529817261833784,3.9378344788983775,-0.5460879169702637,0.4355656137384568,1.2004063558651688,0.01867536378778989,,
portfel: BTC + ETH + złoto,krzyż 50/200,2022-01–2026-09,0.09537888884268586,0.5403969619296412,-0.23310837639151805,0.23980222212680943,0.4994006201217182,-0.14911052040191464,,
portfel: BTC + ETH + złoto,wybicie 55/20,cały okres,0.2810137534652468,7.204647037228172,-0.2944124856070762,0.2558797779288758,1.0963019475762836,-0.14622927985060574,,
portfel: BTC + ETH + złoto,wybicie 55/20,2018-04–2021-12,0.494101904268603,3.5185674427619738,-0.2358503969032245,0.32073724881775245,1.4133483803026063,-0.13453949992419434,,
portfel: BTC + ETH + złoto,wybicie 55/20,2022-01–2026-09,0.1340322607684259,0.8157628808596644,-0.18583982397708876,0.18915719061618358,0.7595030617434375,-0.14622927985060574,,
